Currency,Asks MEXC,Bids MEXC,Asks GateIo,Bids GateIo,Asks HUOBI,Bids HUOBI,Asks Ascendex,Bids Ascendex
XRP,0.4574,0.4573,0.45779,0.45771,0.45767,0.45764,u,u,Ask:GateIo/Bid:MEXC: 0.107%,Ask:HUOBI/Bid:MEXC: 0.080%,MEXC/Ascendex: unavailable,Ask:GateIo/Bid:HUOBI: 0.032%,GateIo/Ascendex: unavailable,HUOBI/Ascendex: unavailable
OKB,45.46,45.35,45.579,45.41,u,u,u,u,Ask:GateIo/Bid:MEXC: 0.504%,MEXC/HUOBI: unavailable,MEXC/Ascendex: unavailable,GateIo/HUOBI: unavailable,GateIo/Ascendex: unavailable,HUOBI/Ascendex: unavailable
DOT,5.663,5.662,5.6657,5.6656,5.6659,5.6652,u,u,Ask:GateIo/Bid:MEXC: 0.065%,Ask:HUOBI/Bid:MEXC: 0.068%,MEXC/Ascendex: unavailable,Ask:GateIo/Bid:HUOBI: 0.008%,GateIo/Ascendex: unavailable,HUOBI/Ascendex: unavailable
FTM,u,u,0.41084,0.41066,0.411,0.4109,u,u,MEXC/GateIo: unavailable,MEXC/HUOBI: unavailable,MEXC/Ascendex: unavailable,Ask:HUOBI/Bid:GateIo: 0.082%,GateIo/Ascendex: unavailable,HUOBI/Ascendex: unavailable
LTC,83.9,83.89,83.95,83.93,83.95,83.92,84.13,83.77,Ask:GateIo/Bid:MEXC: 0.071%,Ask:HUOBI/Bid:MEXC: 0.071%,Ask:Ascendex/Bid:MEXC: 0.286%,Ask:GateIo/Bid:HUOBI: 0.035%,Ask:Ascendex/Bid:GateIo: 0.238%,Ask:Ascendex/Bid:HUOBI: 0.250%
ETH,1917.68,1917.67,1918.33,1918.32,1918.74,1918.73,u,u,Ask:GateIo/Bid:MEXC: 0.034%,Ask:HUOBI/Bid:MEXC: 0.055%,MEXC/Ascendex: unavailable,Ask:HUOBI/Bid:GateIo: 0.021%,GateIo/Ascendex: unavailable,HUOBI/Ascendex: unavailable
SHIB,u,u,0.0000094795,0.0000094759,9.48e-06,9.47e-06,u,u,MEXC/GateIo: unavailable,MEXC/HUOBI: unavailable,MEXC/Ascendex: unavailable,Ask:GateIo/Bid:HUOBI: 0.100%,GateIo/Ascendex: unavailable,HUOBI/Ascendex: unavailable
BTC,28927.5,28927.4,28938.8,28938.7,28941.28,28941.27,28944.99,28940.72,Ask:GateIo/Bid:MEXC: 0.039%,Ask:HUOBI/Bid:MEXC: 0.047%,Ask:Ascendex/Bid:MEXC: 0.060%,Ask:HUOBI/Bid:GateIo: 0.008%,Ask:Ascendex/Bid:GateIo: 0.021%,Ask:Ascendex/Bid:HUOBI: 0.012%
XMR,156.93,156.92,156.94,156.85,156.75,156.67,u,u,Ask:MEXC/Bid:GateIo: 0.051%,Ask:MEXC/Bid:HUOBI: 0.165%,MEXC/Ascendex: unavailable,Ask:GateIo/Bid:HUOBI: 0.172%,GateIo/Ascendex: unavailable,HUOBI/Ascendex: unavailable
XLM,0.09264,0.09263,0.092746,0.09263,0.092708,0.092693,u,u,Ask:GateIo/Bid:MEXC: 0.125%,Ask:HUOBI/Bid:MEXC: 0.084%,MEXC/Ascendex: unavailable,Ask:HUOBI/Bid:GateIo: 0.084%,GateIo/Ascendex: unavailable,HUOBI/Ascendex: unavailable
ATOM,10.9,10.899,10.9054,10.9024,10.9062,10.9044,u,u,Ask:GateIo/Bid:MEXC: 0.058%,Ask:HUOBI/Bid:MEXC: 0.066%,MEXC/Ascendex: unavailable,Ask:HUOBI/Bid:GateIo: 0.034%,GateIo/Ascendex: unavailable,HUOBI/Ascendex: unavailable
MATIC,0.9742,0.9741,0.975,0.97425,0.974613,0.974516,u,u,Ask:GateIo/Bid:MEXC: 0.092%,Ask:HUOBI/Bid:MEXC: 0.052%,MEXC/Ascendex: unavailable,Ask:GateIo/Bid:HUOBI: 0.049%,GateIo/Ascendex: unavailable,HUOBI/Ascendex: unavailable
BNB,u,u,324.12,324.1,324.08,324.04,324,323.7,MEXC/GateIo: unavailable,MEXC/HUOBI: unavailable,MEXC/Ascendex: unavailable,Ask:GateIo/Bid:HUOBI: 0.024%,Ask:GateIo/Bid:Ascendex: 0.129%,Ask:HUOBI/Bid:Ascendex: 0.117%
ETC,18.93,18.929,18.935,18.927,18.9374,18.9352,u,u,Ask:GateIo/Bid:MEXC: 0.031%,Ask:HUOBI/Bid:MEXC: 0.044%,MEXC/Ascendex: unavailable,Ask:HUOBI/Bid:GateIo: 0.054%,GateIo/Ascendex: unavailable,HUOBI/Ascendex: unavailable
APE,u,u,3.6066,3.6036,3.6077,3.6058,u,u,MEXC/GateIo: unavailable,MEXC/HUOBI: unavailable,MEXC/Ascendex: unavailable,Ask:HUOBI/Bid:GateIo: 0.113%,GateIo/Ascendex: unavailable,HUOBI/Ascendex: unavailable
AVAX,16.643,16.642,16.656,16.641,16.664,16.6574,u,u,Ask:GateIo/Bid:MEXC: 0.084%,Ask:HUOBI/Bid:MEXC: 0.132%,MEXC/Ascendex: unavailable,Ask:HUOBI/Bid:GateIo: 0.138%,GateIo/Ascendex: unavailable,HUOBI/Ascendex: unavailable
EOS,u,u,0.9875,0.9869,0.9868,0.9865,0.9876,0.9851,MEXC/GateIo: unavailable,MEXC/HUOBI: unavailable,MEXC/Ascendex: unavailable,Ask:GateIo/Bid:HUOBI: 0.101%,Ask:GateIo/Bid:Ascendex: 0.243%,Ask:HUOBI/Bid:Ascendex: 0.172%
ARB,u,u,1.24328,1.24248,1.2434,1.2432,u,u,MEXC/GateIo: unavailable,MEXC/HUOBI: unavailable,MEXC/Ascendex: unavailable,Ask:HUOBI/Bid:GateIo: 0.074%,GateIo/Ascendex: unavailable,HUOBI/Ascendex: unavailable
CRO,u,u,0.069014,0.068969,u,u,u,u,MEXC/GateIo: unavailable,MEXC/HUOBI: unavailable,MEXC/Ascendex: unavailable,GateIo/HUOBI: unavailable,GateIo/Ascendex: unavailable,HUOBI/Ascendex: unavailable
LINK,6.946,6.945,6.9493,6.9467,6.9487,6.9472,6.9561,6.9454,Ask:GateIo/Bid:MEXC: 0.061%,Ask:HUOBI/Bid:MEXC: 0.053%,Ask:Ascendex/Bid:MEXC: 0.159%,Ask:GateIo/Bid:HUOBI: 0.030%,Ask:Ascendex/Bid:GateIo: 0.135%,Ask:Ascendex/Bid:HUOBI: 0.128%
DOGE,u,u,0.077168,0.077141,0.077177,0.077168,u,u,MEXC/GateIo: unavailable,MEXC/HUOBI: unavailable,MEXC/Ascendex: unavailable,Ask:HUOBI/Bid:GateIo: 0.046%,GateIo/Ascendex: unavailable,HUOBI/Ascendex: unavailable
STETH,u,u,1919.7629,1914.7668,1940.52,1894.32,u,u,MEXC/GateIo: unavailable,MEXC/HUOBI: unavailable,MEXC/Ascendex: unavailable,Ask:HUOBI/Bid:GateIo: 1.344%,GateIo/Ascendex: unavailable,HUOBI/Ascendex: unavailable
FIL,u,u,5.1074,5.1046,5.1055,5.1054,5.111,5.102,MEXC/GateIo: unavailable,MEXC/HUOBI: unavailable,MEXC/Ascendex: unavailable,Ask:GateIo/Bid:HUOBI: 0.039%,Ask:Ascendex/Bid:GateIo: 0.125%,Ask:Ascendex/Bid:HUOBI: 0.109%
ADA,0.3803,0.3802,0.38053,0.38045,0.380626,0.380548,u,u,Ask:GateIo/Bid:MEXC: 0.086%,Ask:HUOBI/Bid:MEXC: 0.112%,MEXC/Ascendex: unavailable,Ask:HUOBI/Bid:GateIo: 0.046%,GateIo/Ascendex: unavailable,HUOBI/Ascendex: unavailable
SAND,u,u,0.5483,0.5482,0.548634,0.548547,u,u,MEXC/GateIo: unavailable,MEXC/HUOBI: unavailable,MEXC/Ascendex: unavailable,Ask:HUOBI/Bid:GateIo: 0.079%,GateIo/Ascendex: unavailable,HUOBI/Ascendex: unavailable
KLAY,u,u,0.225,0.2246,0.2249,0.2247,u,u,MEXC/GateIo: unavailable,MEXC/HUOBI: unavailable,MEXC/Ascendex: unavailable,Ask:HUOBI/Bid:GateIo: 0.133%,GateIo/Ascendex: unavailable,HUOBI/Ascendex: unavailable
GRT,u,u,0.126986,0.126878,0.127023,0.12697,u,u,MEXC/GateIo: unavailable,MEXC/HUOBI: unavailable,MEXC/Ascendex: unavailable,Ask:HUOBI/Bid:GateIo: 0.114%,GateIo/Ascendex: unavailable,HUOBI/Ascendex: unavailable
THETA,u,u,0.9579,0.9568,0.9587,0.9576,u,u,MEXC/GateIo: unavailable,MEXC/HUOBI: unavailable,MEXC/Ascendex: unavailable,Ask:HUOBI/Bid:GateIo: 0.198%,GateIo/Ascendex: unavailable,HUOBI/Ascendex: unavailable
XTZ,u,u,0.9769,0.9741,0.976,0.9752,u,u,MEXC/GateIo: unavailable,MEXC/HUOBI: unavailable,MEXC/Ascendex: unavailable,Ask:HUOBI/Bid:GateIo: 0.195%,GateIo/Ascendex: unavailable,HUOBI/Ascendex: unavailable
LUNC,u,u,0.00009645,0.00009635,9.639e-05,9.63e-05,u,u,MEXC/GateIo: unavailable,MEXC/HUOBI: unavailable,MEXC/Ascendex: unavailable,Ask:GateIo/Bid:HUOBI: 0.155%,GateIo/Ascendex: unavailable,HUOBI/Ascendex: unavailable
SOL,22.394,22.393,22.412,22.39,22.411,22.4058,u,u,Ask:GateIo/Bid:MEXC: 0.084%,Ask:HUOBI/Bid:MEXC: 0.080%,MEXC/Ascendex: unavailable,Ask:HUOBI/Bid:GateIo: 0.093%,GateIo/Ascendex: unavailable,HUOBI/Ascendex: unavailable
STX,u,u,0.70705,0.70645,u,u,u,u,MEXC/GateIo: unavailable,MEXC/HUOBI: unavailable,MEXC/Ascendex: unavailable,GateIo/HUOBI: unavailable,GateIo/Ascendex: unavailable,HUOBI/Ascendex: unavailable
EGLD,u,u,39.383,39.303,39.3719,39.3545,u,u,MEXC/GateIo: unavailable,MEXC/HUOBI: unavailable,MEXC/Ascendex: unavailable,Ask:HUOBI/Bid:GateIo: 0.175%,GateIo/Ascendex: unavailable,HUOBI/Ascendex: unavailable
INJ,u,u,7.4469,7.4426,7.4525,7.4386,u,u,MEXC/GateIo: unavailable,MEXC/HUOBI: unavailable,MEXC/Ascendex: unavailable,Ask:HUOBI/Bid:GateIo: 0.133%,GateIo/Ascendex: unavailable,HUOBI/Ascendex: unavailable
FLOW,u,u,0.8503,0.8493,0.8501,0.8496,u,u,MEXC/GateIo: unavailable,MEXC/HUOBI: unavailable,MEXC/Ascendex: unavailable,Ask:HUOBI/Bid:GateIo: 0.094%,GateIo/Ascendex: unavailable,HUOBI/Ascendex: unavailable
XRD,u,u,0.087106,0.087086,u,u,u,u,MEXC/GateIo: unavailable,MEXC/HUOBI: unavailable,MEXC/Ascendex: unavailable,GateIo/HUOBI: unavailable,GateIo/Ascendex: unavailable,HUOBI/Ascendex: unavailable
VET,u,u,0.02041,0.02038,0.020406,0.020384,u,u,MEXC/GateIo: unavailable,MEXC/HUOBI: unavailable,MEXC/Ascendex: unavailable,Ask:HUOBI/Bid:GateIo: 0.127%,GateIo/Ascendex: unavailable,HUOBI/Ascendex: unavailable
LDO,u,u,1.8421,1.8414,1.8449,1.844,u,u,MEXC/GateIo: unavailable,MEXC/HUOBI: unavailable,MEXC/Ascendex: unavailable,Ask:HUOBI/Bid:GateIo: 0.190%,GateIo/Ascendex: unavailable,HUOBI/Ascendex: unavailable
GMX,u,u,69.359,69.181,69.2785,69.2395,u,u,MEXC/GateIo: unavailable,MEXC/HUOBI: unavailable,MEXC/Ascendex: unavailable,Ask:GateIo/Bid:HUOBI: 0.172%,GateIo/Ascendex: unavailable,HUOBI/Ascendex: unavailable
NEAR,u,u,1.7713,1.7704,1.7715,1.7714,1.782,1.764,MEXC/GateIo: unavailable,MEXC/HUOBI: unavailable,MEXC/Ascendex: unavailable,Ask:HUOBI/Bid:GateIo: 0.062%,Ask:Ascendex/Bid:GateIo: 0.655%,Ask:Ascendex/Bid:HUOBI: 0.598%
AXS,u,u,7.391,7.381,7.387,7.3851,u,u,MEXC/GateIo: unavailable,MEXC/HUOBI: unavailable,MEXC/Ascendex: unavailable,Ask:HUOBI/Bid:GateIo: 0.081%,GateIo/Ascendex: unavailable,HUOBI/Ascendex: unavailable
CSPR,u,u,0.055795,0.055719,0.0558,0.0556,u,u,MEXC/GateIo: unavailable,MEXC/HUOBI: unavailable,MEXC/Ascendex: unavailable,Ask:GateIo/Bid:HUOBI: 0.350%,GateIo/Ascendex: unavailable,HUOBI/Ascendex: unavailable
QNT,u,u,109.92,109.603,u,u,110.54,109.13,MEXC/GateIo: unavailable,MEXC/HUOBI: unavailable,MEXC/Ascendex: unavailable,GateIo/HUOBI: unavailable,Ask:Ascendex/Bid:GateIo: 0.854%,HUOBI/Ascendex: unavailable
MKR,u,u,699.04,697.33,698.18,697.71,u,u,MEXC/GateIo: unavailable,MEXC/HUOBI: unavailable,MEXC/Ascendex: unavailable,Ask:GateIo/Bid:HUOBI: 0.190%,GateIo/Ascendex: unavailable,HUOBI/Ascendex: unavailable
RNDR,u,u,2.1936,2.19,2.2004,2.1991,u,u,MEXC/GateIo: unavailable,MEXC/HUOBI: unavailable,MEXC/Ascendex: unavailable,Ask:HUOBI/Bid:GateIo: 0.474%,GateIo/Ascendex: unavailable,HUOBI/Ascendex: unavailable
AAVE,u,u,69.58,69.51,69.6282,69.5995,69.67,69.45,MEXC/GateIo: unavailable,MEXC/HUOBI: unavailable,MEXC/Ascendex: unavailable,Ask:HUOBI/Bid:GateIo: 0.170%,Ask:Ascendex/Bid:GateIo: 0.230%,Ask:HUOBI/Bid:Ascendex: 0.256%
CRV,u,u,0.9055,0.9046,0.9056,0.9044,u,u,MEXC/GateIo: unavailable,MEXC/HUOBI: unavailable,MEXC/Ascendex: unavailable,Ask:GateIo/Bid:HUOBI: 0.121%,GateIo/Ascendex: unavailable,HUOBI/Ascendex: unavailable
MINA,u,u,0.59145,0.59056,0.5915,0.5912,u,u,MEXC/GateIo: unavailable,MEXC/HUOBI: unavailable,MEXC/Ascendex: unavailable,Ask:HUOBI/Bid:GateIo: 0.159%,GateIo/Ascendex: unavailable,HUOBI/Ascendex: unavailable
IMX,u,u,0.8623,0.86058,0.862,0.8614,u,u,MEXC/GateIo: unavailable,MEXC/HUOBI: unavailable,MEXC/Ascendex: unavailable,Ask:HUOBI/Bid:GateIo: 0.165%,GateIo/Ascendex: unavailable,HUOBI/Ascendex: unavailable
SNX,u,u,2.3874,2.383,2.3856,2.384,u,u,MEXC/GateIo: unavailable,MEXC/HUOBI: unavailable,MEXC/Ascendex: unavailable,Ask:GateIo/Bid:HUOBI: 0.142%,GateIo/Ascendex: unavailable,HUOBI/Ascendex: unavailable
ALGO,u,u,0.17447,0.17436,0.1745,0.1742,u,u,MEXC/GateIo: unavailable,MEXC/HUOBI: unavailable,MEXC/Ascendex: unavailable,Ask:GateIo/Bid:HUOBI: 0.154%,GateIo/Ascendex: unavailable,HUOBI/Ascendex: unavailable
CFX,u,u,0.290635,0.290271,u,u,u,u,MEXC/GateIo: unavailable,MEXC/HUOBI: unavailable,MEXC/Ascendex: unavailable,GateIo/HUOBI: unavailable,GateIo/Ascendex: unavailable,HUOBI/Ascendex: unavailable
TONCOIN,u,u,u,u,u,u,u,u,MEXC/GateIo: unavailable,MEXC/HUOBI: unavailable,MEXC/Ascendex: unavailable,GateIo/HUOBI: unavailable,GateIo/Ascendex: unavailable,HUOBI/Ascendex: unavailable
NEO,u,u,9.93,9.92,9.94,9.93,u,u,MEXC/GateIo: unavailable,MEXC/HUOBI: unavailable,MEXC/Ascendex: unavailable,Ask:HUOBI/Bid:GateIo: 0.201%,GateIo/Ascendex: unavailable,HUOBI/Ascendex: unavailable
FXS,u,u,7.499,7.482,u,u,u,u,MEXC/GateIo: unavailable,MEXC/HUOBI: unavailable,MEXC/Ascendex: unavailable,GateIo/HUOBI: unavailable,GateIo/Ascendex: unavailable,HUOBI/Ascendex: unavailable
IOTA,u,u,0.199,0.1962,0.1931,0.1927,u,u,MEXC/GateIo: unavailable,MEXC/HUOBI: unavailable,MEXC/Ascendex: unavailable,Ask:GateIo/Bid:HUOBI: 3.269%,GateIo/Ascendex: unavailable,HUOBI/Ascendex: unavailable
ICP,5.634,5.633,5.6406,5.6337,5.65,5.63,unavailable,unavailable,Ask:GateIo/Bid:MEXC: 0.134%,Ask:HUOBI/Bid:MEXC: 0.301%,MEXC/Ascendex: unavailable,Ask:HUOBI/Bid:GateIo: 0.289%,GateIo/Ascendex: unavailable,HUOBI/Ascendex: unavailable
BSV,u,u,32.577,32.514,32.5557,32.5004,u,u,MEXC/GateIo: unavailable,MEXC/HUOBI: unavailable,MEXC/Ascendex: unavailable,Ask:GateIo/Bid:HUOBI: 0.235%,GateIo/Ascendex: unavailable,HUOBI/Ascendex: unavailable
RPL,u,u,49.182,49.148,49.2564,48.7794,u,u,MEXC/GateIo: unavailable,MEXC/HUOBI: unavailable,MEXC/Ascendex: unavailable,Ask:GateIo/Bid:HUOBI: 0.825%,GateIo/Ascendex: unavailable,HUOBI/Ascendex: unavailable
CAKE,u,u,2.122,2.1185,2.1203,2.1193,u,u,MEXC/GateIo: unavailable,MEXC/HUOBI: unavailable,MEXC/Ascendex: unavailable,Ask:GateIo/Bid:HUOBI: 0.127%,GateIo/Ascendex: unavailable,HUOBI/Ascendex: unavailable
XDC,u,u,0.03671,0.036686,0.036992,0.036802,u,u,MEXC/GateIo: unavailable,MEXC/HUOBI: unavailable,MEXC/Ascendex: unavailable,Ask:HUOBI/Bid:GateIo: 0.834%,GateIo/Ascendex: unavailable,HUOBI/Ascendex: unavailable
APT,u,u,9.3175,9.3077,9.3172,9.3134,9.362,9.266,MEXC/GateIo: unavailable,MEXC/HUOBI: unavailable,MEXC/Ascendex: unavailable,Ask:HUOBI/Bid:GateIo: 0.102%,Ask:Ascendex/Bid:GateIo: 0.583%,Ask:HUOBI/Bid:Ascendex: 0.552%
OP,u,u,1.9046,1.9039,1.9046,1.904,1.9094,1.9047,MEXC/GateIo: unavailable,MEXC/HUOBI: unavailable,MEXC/Ascendex: unavailable,Ask:HUOBI/Bid:GateIo: 0.036%,Ask:Ascendex/Bid:GateIo: 0.288%,Ask:Ascendex/Bid:HUOBI: 0.283%
XAUT,u,u,2018.54,2014,2015.89,2009.77,u,u,MEXC/GateIo: unavailable,MEXC/HUOBI: unavailable,MEXC/Ascendex: unavailable,Ask:GateIo/Bid:HUOBI: 0.436%,GateIo/Ascendex: unavailable,HUOBI/Ascendex: unavailable
RETH,u,u,u,u,u,u,u,u,MEXC/GateIo: unavailable,MEXC/HUOBI: unavailable,MEXC/Ascendex: unavailable,GateIo/HUOBI: unavailable,GateIo/Ascendex: unavailable,HUOBI/Ascendex: unavailable
BTT,u,u,0.0000006071,0.000000605,6.073e-07,6.065e-07,0.000000611,0.0000006,MEXC/GateIo: unavailable,MEXC/HUOBI: unavailable,MEXC/Ascendex: unavailable,Ask:HUOBI/Bid:GateIo: 0.380%,Ask:GateIo/Bid:Ascendex: 1.183%,Ask:HUOBI/Bid:Ascendex: 1.216%
TRX,0.06988,0.06987,0.0699,0.06989,0.069928,0.069923,0.06993,0.06986,Ask:GateIo/Bid:MEXC: 0.042%,Ask:HUOBI/Bid:MEXC: 0.083%,Ask:Ascendex/Bid:MEXC: 0.085%,Ask:HUOBI/Bid:GateIo: 0.054%,Ask:Ascendex/Bid:GateIo: 0.057%,Ask:HUOBI/Bid:Ascendex: 0.097%
PAXG,u,u,u,u,u,u,u,u,MEXC/GateIo: unavailable,MEXC/HUOBI: unavailable,MEXC/Ascendex: unavailable,GateIo/HUOBI: unavailable,GateIo/Ascendex: unavailable,HUOBI/Ascendex: unavailable
WOO,u,u,0.28036,0.27959,0.28021,0.28002,0.27976,0.2785,MEXC/GateIo: unavailable,MEXC/HUOBI: unavailable,MEXC/Ascendex: unavailable,Ask:HUOBI/Bid:GateIo: 0.221%,Ask:GateIo/Bid:Ascendex: 0.667%,Ask:HUOBI/Bid:Ascendex: 0.614%
BABYDOGE,u,u,0.0000000023629,0.0000000023586,2.494e-09,2.466e-09,u,u,MEXC/GateIo: unavailable,MEXC/HUOBI: unavailable,MEXC/Ascendex: unavailable,Ask:HUOBI/Bid:GateIo: 5.740%,GateIo/Ascendex: unavailable,HUOBI/Ascendex: unavailable
CVX,u,u,5.1821,5.1728,5.1913,5.1683,u,u,MEXC/GateIo: unavailable,MEXC/HUOBI: unavailable,MEXC/Ascendex: unavailable,Ask:HUOBI/Bid:GateIo: 0.357%,GateIo/Ascendex: unavailable,HUOBI/Ascendex: unavailable
RUNE,u,u,1.302,1.2999,u,u,u,u,MEXC/GateIo: unavailable,MEXC/HUOBI: unavailable,MEXC/Ascendex: unavailable,GateIo/HUOBI: unavailable,GateIo/Ascendex: unavailable,HUOBI/Ascendex: unavailable
ZIL,u,u,0.026464,0.026432,0.026475,0.026459,0.026493,0.026439,MEXC/GateIo: unavailable,MEXC/HUOBI: unavailable,MEXC/Ascendex: unavailable,Ask:HUOBI/Bid:GateIo: 0.162%,Ask:Ascendex/Bid:GateIo: 0.230%,Ask:HUOBI/Bid:Ascendex: 0.136%
FLR,u,u,0.028283,0.028237,0.0284,0.0282,u,u,MEXC/GateIo: unavailable,MEXC/HUOBI: unavailable,MEXC/Ascendex: unavailable,Ask:HUOBI/Bid:GateIo: 0.577%,GateIo/Ascendex: unavailable,HUOBI/Ascendex: unavailable
1INCH,u,u,0.45287,0.45285,0.453434,0.453187,u,u,MEXC/GateIo: unavailable,MEXC/HUOBI: unavailable,MEXC/Ascendex: unavailable,Ask:HUOBI/Bid:GateIo: 0.128%,GateIo/Ascendex: unavailable,HUOBI/Ascendex: unavailable
OSMO,u,u,0.7051,0.7023,0.7049,0.7022,u,u,MEXC/GateIo: unavailable,MEXC/HUOBI: unavailable,MEXC/Ascendex: unavailable,Ask:GateIo/Bid:HUOBI: 0.412%,GateIo/Ascendex: unavailable,HUOBI/Ascendex: unavailable
DASH,u,u,45.97,45.87,45.87,45.85,45.95,45.85,MEXC/GateIo: unavailable,MEXC/HUOBI: unavailable,MEXC/Ascendex: unavailable,Ask:GateIo/Bid:HUOBI: 0.261%,Ask:GateIo/Bid:Ascendex: 0.261%,Ask:Ascendex/Bid:HUOBI: 0.218%
MANA,u,u,0.51677,0.51663,0.5169,0.5167,u,u,MEXC/GateIo: unavailable,MEXC/HUOBI: unavailable,MEXC/Ascendex: unavailable,Ask:HUOBI/Bid:GateIo: 0.052%,GateIo/Ascendex: unavailable,HUOBI/Ascendex: unavailable
TWT,u,u,1.1522,1.1502,u,u,u,u,MEXC/GateIo: unavailable,MEXC/HUOBI: unavailable,MEXC/Ascendex: unavailable,GateIo/HUOBI: unavailable,GateIo/Ascendex: unavailable,HUOBI/Ascendex: unavailable
DYDX,u,u,2.3986,2.3958,2.4014,2.3995,u,u,MEXC/GateIo: unavailable,MEXC/HUOBI: unavailable,MEXC/Ascendex: unavailable,Ask:HUOBI/Bid:GateIo: 0.233%,GateIo/Ascendex: unavailable,HUOBI/Ascendex: unavailable
LRC,u,u,0.31805,0.31752,0.318,0.3177,u,u,MEXC/GateIo: unavailable,MEXC/HUOBI: unavailable,MEXC/Ascendex: unavailable,Ask:HUOBI/Bid:GateIo: 0.151%,GateIo/Ascendex: unavailable,HUOBI/Ascendex: unavailable
AR,u,u,7.341,7.327,7.3433,7.3386,u,u,MEXC/GateIo: unavailable,MEXC/HUOBI: unavailable,MEXC/Ascendex: unavailable,Ask:HUOBI/Bid:GateIo: 0.222%,GateIo/Ascendex: unavailable,HUOBI/Ascendex: unavailable
ENJ,u,u,0.36811,0.36769,0.3681,0.3677,u,u,MEXC/GateIo: unavailable,MEXC/HUOBI: unavailable,MEXC/Ascendex: unavailable,Ask:HUOBI/Bid:GateIo: 0.111%,GateIo/Ascendex: unavailable,HUOBI/Ascendex: unavailable
NEXO,u,u,0.7068,0.7033,0.7101,0.7055,u,u,MEXC/GateIo: unavailable,MEXC/HUOBI: unavailable,MEXC/Ascendex: unavailable,Ask:HUOBI/Bid:GateIo: 0.966%,GateIo/Ascendex: unavailable,HUOBI/Ascendex: unavailable
KAVA,u,u,0.7398,0.7376,0.7403,0.7399,0.7402,0.7375,MEXC/GateIo: unavailable,MEXC/HUOBI: unavailable,MEXC/Ascendex: unavailable,Ask:HUOBI/Bid:GateIo: 0.366%,Ask:Ascendex/Bid:GateIo: 0.352%,Ask:HUOBI/Bid:Ascendex: 0.379%
MASK,4.307,4.306,4.31022,4.30409,4.3096,4.307,u,u,Ask:GateIo/Bid:MEXC: 0.098%,Ask:HUOBI/Bid:MEXC: 0.083%,MEXC/Ascendex: unavailable,Ask:HUOBI/Bid:GateIo: 0.128%,GateIo/Ascendex: unavailable,HUOBI/Ascendex: unavailable
BAT,0.2311,0.231,0.2325,0.2317,0.2314,0.231,u,u,Ask:GateIo/Bid:MEXC: 0.649%,Ask:HUOBI/Bid:MEXC: 0.173%,MEXC/Ascendex: unavailable,Ask:GateIo/Bid:HUOBI: 0.649%,GateIo/Ascendex: unavailable,HUOBI/Ascendex: unavailable
AGIX,u,u,0.28235,0.28208,0.2822,0.2821,0.2835,0.2807,MEXC/GateIo: unavailable,MEXC/HUOBI: unavailable,MEXC/Ascendex: unavailable,Ask:GateIo/Bid:HUOBI: 0.088%,Ask:GateIo/Bid:Ascendex: 0.587%,Ask:HUOBI/Bid:Ascendex: 0.534%
XEM,0.0357,0.0356,0.035767,0.035638,0.0357,0.0356,u,u,Ask:GateIo/Bid:MEXC: 0.469%,Ask:HUOBI/Bid:MEXC: 0.280%,MEXC/Ascendex: unavailable,Ask:GateIo/Bid:HUOBI: 0.469%,GateIo/Ascendex: unavailable,HUOBI/Ascendex: unavailable
FET,0.293,0.2929,0.29327,0.29273,0.2933,0.2932,u,u,Ask:GateIo/Bid:MEXC: 0.126%,Ask:HUOBI/Bid:MEXC: 0.136%,MEXC/Ascendex: unavailable,Ask:HUOBI/Bid:GateIo: 0.194%,GateIo/Ascendex: unavailable,HUOBI/Ascendex: unavailable
JASMY,0.007242,0.007241,0.0072507,0.0072402,0.007247,0.007246,u,u,Ask:GateIo/Bid:MEXC: 0.133%,Ask:HUOBI/Bid:MEXC: 0.082%,MEXC/Ascendex: unavailable,Ask:HUOBI/Bid:GateIo: 0.093%,GateIo/Ascendex: unavailable,HUOBI/Ascendex: unavailable
FLOKI,4.014e-05,4.012e-05,0.000040114,0.0000400408,4.018e-05,4.011e-05,u,u,Ask:MEXC/Bid:GateIo: 0.247%,Ask:HUOBI/Bid:MEXC: 0.149%,MEXC/Ascendex: unavailable,Ask:HUOBI/Bid:GateIo: 0.347%,GateIo/Ascendex: unavailable,HUOBI/Ascendex: unavailable
ZEC,35.63,35.62,35.64,35.62,35.67,35.63,35.67,35.5,Ask:GateIo/Bid:MEXC: 0.056%,Ask:HUOBI/Bid:MEXC: 0.140%,Ask:MEXC/Bid:Ascendex: 0.366%,Ask:HUOBI/Bid:GateIo: 0.140%,Ask:GateIo/Bid:Ascendex: 0.394%,Ask:HUOBI/Bid:Ascendex: 0.478%
ENS,11.201,11.2,11.221,11.2,11.2082,11.2029,u,u,Ask:GateIo/Bid:MEXC: 0.187%,Ask:HUOBI/Bid:MEXC: 0.073%,MEXC/Ascendex: unavailable,Ask:GateIo/Bid:HUOBI: 0.161%,GateIo/Ascendex: unavailable,HUOBI/Ascendex: unavailable
ROSE,0.05717,0.05716,0.057311,0.057146,u,u,u,u,Ask:GateIo/Bid:MEXC: 0.264%,MEXC/HUOBI: unavailable,MEXC/Ascendex: unavailable,GateIo/HUOBI: unavailable,GateIo/Ascendex: unavailable,HUOBI/Ascendex: unavailable
LUNA,unavailable,unavailable,1.131,1.1297,1.1295,1.1294,unavailable,unavailable,MEXC/GateIo: unavailable,MEXC/HUOBI: unavailable,MEXC/Ascendex: unavailable,Ask:GateIo/Bid:HUOBI: 0.141%,GateIo/Ascendex: unavailable,HUOBI/Ascendex: unavailable
AUDIO,0.2689,0.2688,0.2693,0.26875,0.2694,0.269,u,u,Ask:GateIo/Bid:MEXC: 0.186%,Ask:HUOBI/Bid:MEXC: 0.223%,MEXC/Ascendex: unavailable,Ask:HUOBI/Bid:GateIo: 0.241%,GateIo/Ascendex: unavailable,HUOBI/Ascendex: unavailable
HOT,0.001782,0.001781,0.001781,0.001777,u,u,0.001792,0.00177,Ask:MEXC/Bid:GateIo: 0.281%,MEXC/HUOBI: unavailable,Ask:MEXC/Bid:Ascendex: 0.677%,GateIo/HUOBI: unavailable,Ask:Ascendex/Bid:GateIo: 0.844%,HUOBI/Ascendex: unavailable
KAS,u,u,0.025826,0.025752,u,u,u,u,MEXC/GateIo: unavailable,MEXC/HUOBI: unavailable,MEXC/Ascendex: unavailable,GateIo/HUOBI: unavailable,GateIo/Ascendex: unavailable,HUOBI/Ascendex: unavailable
ETHW,2.42,2.419,2.4233,2.4201,2.4254,2.4237,u,u,Ask:GateIo/Bid:MEXC: 0.177%,Ask:HUOBI/Bid:MEXC: 0.264%,MEXC/Ascendex: unavailable,Ask:HUOBI/Bid:GateIo: 0.218%,GateIo/Ascendex: unavailable,HUOBI/Ascendex: unavailable
BLUR,0.5249,0.5248,0.5251,0.5245,0.5255,0.5247,u,u,Ask:MEXC/Bid:GateIo: 0.076%,Ask:HUOBI/Bid:MEXC: 0.133%,MEXC/Ascendex: unavailable,Ask:HUOBI/Bid:GateIo: 0.190%,GateIo/Ascendex: unavailable,HUOBI/Ascendex: unavailable
ASTR,0.05698,0.05697,0.057146,0.056992,0.057024,0.057015,u,u,Ask:GateIo/Bid:MEXC: 0.308%,Ask:HUOBI/Bid:MEXC: 0.094%,MEXC/Ascendex: unavailable,Ask:GateIo/Bid:HUOBI: 0.229%,GateIo/Ascendex: unavailable,HUOBI/Ascendex: unavailable
KSM,u,u,27.87,27.784,27.8639,27.8438,u,u,MEXC/GateIo: unavailable,MEXC/HUOBI: unavailable,MEXC/Ascendex: unavailable,Ask:HUOBI/Bid:GateIo: 0.287%,GateIo/Ascendex: unavailable,HUOBI/Ascendex: unavailable
DCR,u,u,18.124,18.067,18.2113,18.1315,u,u,MEXC/GateIo: unavailable,MEXC/HUOBI: unavailable,MEXC/Ascendex: unavailable,Ask:HUOBI/Bid:GateIo: 0.798%,GateIo/Ascendex: unavailable,HUOBI/Ascendex: unavailable
XCH,37.36,37.35,37.43,37.301,37.4258,37.3549,u,u,Ask:GateIo/Bid:MEXC: 0.214%,Ask:HUOBI/Bid:MEXC: 0.202%,MEXC/Ascendex: unavailable,Ask:HUOBI/Bid:GateIo: 0.334%,GateIo/Ascendex: unavailable,HUOBI/Ascendex: unavailable
ERXETH,u,u,u,u,u,u,u,u,MEXC/GateIo: unavailable,MEXC/HUOBI: unavailable,MEXC/Ascendex: unavailable,GateIo/HUOBI: unavailable,GateIo/Ascendex: unavailable,HUOBI/Ascendex: unavailable
CELO,u,u,0.56047,0.55917,0.5603,0.5597,u,u,MEXC/GateIo: unavailable,MEXC/HUOBI: unavailable,MEXC/Ascendex: unavailable,Ask:HUOBI/Bid:GateIo: 0.202%,GateIo/Ascendex: unavailable,HUOBI/Ascendex: unavailable
SXP,0.4985,0.4984,0.49092,0.49057,0.4926,0.4921,u,u,Ask:MEXC/Bid:GateIo: 1.616%,Ask:MEXC/Bid:HUOBI: 1.300%,MEXC/Ascendex: unavailable,Ask:HUOBI/Bid:GateIo: 0.413%,GateIo/Ascendex: unavailable,HUOBI/Ascendex: unavailable
QTUM,u,u,2.75,2.748,2.7501,2.749,u,u,MEXC/GateIo: unavailable,MEXC/HUOBI: unavailable,MEXC/Ascendex: unavailable,Ask:HUOBI/Bid:GateIo: 0.076%,GateIo/Ascendex: unavailable,HUOBI/Ascendex: unavailable
BDX,u,u,0.04716,0.047151,u,u,u,u,MEXC/GateIo: unavailable,MEXC/HUOBI: unavailable,MEXC/Ascendex: unavailable,GateIo/HUOBI: unavailable,GateIo/Ascendex: unavailable,HUOBI/Ascendex: unavailable
AZERO,1.188,1.186,1.195,1.1905,1.195,1.1856,u,u,Ask:GateIo/Bid:MEXC: 0.758%,Ask:HUOBI/Bid:MEXC: 0.758%,MEXC/Ascendex: unavailable,Ask:GateIo/Bid:HUOBI: 0.792%,GateIo/Ascendex: unavailable,HUOBI/Ascendex: unavailable
GNO,u,u,119.62,118.34,119.025,118.5031,120,118,MEXC/GateIo: unavailable,MEXC/HUOBI: unavailable,MEXC/Ascendex: unavailable,Ask:GateIo/Bid:HUOBI: 0.942%,Ask:Ascendex/Bid:GateIo: 1.402%,Ask:Ascendex/Bid:HUOBI: 1.263%
LN,u,u,40.372,40.183,40.5445,40.2114,u,u,MEXC/GateIo: unavailable,MEXC/HUOBI: unavailable,MEXC/Ascendex: unavailable,Ask:HUOBI/Bid:GateIo: 0.899%,GateIo/Ascendex: unavailable,HUOBI/Ascendex: unavailable
T,u,u,0.03145,0.03132,0.0314,0.0313,u,u,MEXC/GateIo: unavailable,MEXC/HUOBI: unavailable,MEXC/Ascendex: unavailable,Ask:GateIo/Bid:HUOBI: 0.479%,GateIo/Ascendex: unavailable,HUOBI/Ascendex: unavailable
OHM,u,u,55.958,55.531,u,u,u,u,MEXC/GateIo: unavailable,MEXC/HUOBI: unavailable,MEXC/Ascendex: unavailable,GateIo/HUOBI: unavailable,GateIo/Ascendex: unavailable,HUOBI/Ascendex: unavailable
HNT,u,u,1.4847,1.4824,u,u,u,u,MEXC/GateIo: unavailable,MEXC/HUOBI: unavailable,MEXC/Ascendex: unavailable,GateIo/HUOBI: unavailable,GateIo/Ascendex: unavailable,HUOBI/Ascendex: unavailable
COMP,u,u,39.19,39.129,39.18,39.16,u,u,MEXC/GateIo: unavailable,MEXC/HUOBI: unavailable,MEXC/Ascendex: unavailable,Ask:HUOBI/Bid:GateIo: 0.130%,GateIo/Ascendex: unavailable,HUOBI/Ascendex: unavailable
YFI,u,u,7891.71,7871.42,7873.07,7871.5,u,u,MEXC/GateIo: unavailable,MEXC/HUOBI: unavailable,MEXC/Ascendex: unavailable,Ask:GateIo/Bid:HUOBI: 0.256%,GateIo/Ascendex: unavailable,HUOBI/Ascendex: unavailable
RVN,u,u,0.02216,0.02208,0.022138,0.022122,u,u,MEXC/GateIo: unavailable,MEXC/HUOBI: unavailable,MEXC/Ascendex: unavailable,Ask:HUOBI/Bid:GateIo: 0.262%,GateIo/Ascendex: unavailable,HUOBI/Ascendex: unavailable
WEMIX,0.9698,0.9662,0.9741,0.974,0.9739,0.9713,u,u,Ask:GateIo/Bid:MEXC: 0.817%,Ask:HUOBI/Bid:MEXC: 0.796%,MEXC/Ascendex: unavailable,Ask:GateIo/Bid:HUOBI: 0.288%,GateIo/Ascendex: unavailable,HUOBI/Ascendex: unavailable
ANKR,0.0289,0.02889,0.02892,0.02888,0.028937,0.028923,u,u,Ask:GateIo/Bid:MEXC: 0.103%,Ask:HUOBI/Bid:MEXC: 0.162%,MEXC/Ascendex: unavailable,Ask:HUOBI/Bid:GateIo: 0.197%,GateIo/Ascendex: unavailable,HUOBI/Ascendex: unavailable
ICX,u,u,0.2737,0.2728,0.2739,0.2735,u,u,MEXC/GateIo: unavailable,MEXC/HUOBI: unavailable,MEXC/Ascendex: unavailable,Ask:HUOBI/Bid:GateIo: 0.403%,GateIo/Ascendex: unavailable,HUOBI/Ascendex: unavailable
TFUEL,u,u,0.04799,0.04753,u,u,u,u,MEXC/GateIo: unavailable,MEXC/HUOBI: unavailable,MEXC/Ascendex: unavailable,GateIo/HUOBI: unavailable,GateIo/Ascendex: unavailable,HUOBI/Ascendex: unavailable
GALA,u,u,0.032269,0.032252,0.032284,0.032263,0.03244,0.03209,MEXC/GateIo: unavailable,MEXC/HUOBI: unavailable,MEXC/Ascendex: unavailable,Ask:HUOBI/Bid:GateIo: 0.099%,Ask:Ascendex/Bid:GateIo: 0.582%,Ask:HUOBI/Bid:Ascendex: 0.604%
OME,u,u,u,u,u,u,u,u,MEXC/GateIo: unavailable,MEXC/HUOBI: unavailable,MEXC/Ascendex: unavailable,GateIo/HUOBI: unavailable,GateIo/Ascendex: unavailable,HUOBI/Ascendex: unavailable
BAL,u,u,6.0774,6.0556,6.0718,6.0656,u,u,MEXC/GateIo: unavailable,MEXC/HUOBI: unavailable,MEXC/Ascendex: unavailable,Ask:HUOBI/Bid:GateIo: 0.267%,GateIo/Ascendex: unavailable,HUOBI/Ascendex: unavailable
BTG,u,u,14.1044,14.101,u,u,u,u,MEXC/GateIo: unavailable,MEXC/HUOBI: unavailable,MEXC/Ascendex: unavailable,GateIo/HUOBI: unavailable,GateIo/Ascendex: unavailable,HUOBI/Ascendex: unavailable
ONT,u,u,0.2267,0.2263,0.2265,0.2264,u,u,MEXC/GateIo: unavailable,MEXC/HUOBI: unavailable,MEXC/Ascendex: unavailable,Ask:GateIo/Bid:HUOBI: 0.132%,GateIo/Ascendex: unavailable,HUOBI/Ascendex: unavailable
ZRX,u,u,0.2429,0.242,0.2426,0.2421,u,u,MEXC/GateIo: unavailable,MEXC/HUOBI: unavailable,MEXC/Ascendex: unavailable,Ask:GateIo/Bid:HUOBI: 0.330%,GateIo/Ascendex: unavailable,HUOBI/Ascendex: unavailable
DAO,u,u,1.54514,1.545,1.5632,1.5258,1.5266,1.5113,MEXC/GateIo: unavailable,MEXC/HUOBI: unavailable,MEXC/Ascendex: unavailable,Ask:GateIo/Bid:HUOBI: 1.267%,Ask:GateIo/Bid:Ascendex: 2.239%,Ask:HUOBI/Bid:Ascendex: 3.434%
BONE,u,u,0.8273,0.8265,0.84,0.8253,u,u,MEXC/GateIo: unavailable,MEXC/HUOBI: unavailable,MEXC/Ascendex: unavailable,Ask:HUOBI/Bid:GateIo: 1.633%,GateIo/Ascendex: unavailable,HUOBI/Ascendex: unavailable
GLMR,u,u,0.32247,0.32108,0.3222,0.3218,u,u,MEXC/GateIo: unavailable,MEXC/HUOBI: unavailable,MEXC/Ascendex: unavailable,Ask:HUOBI/Bid:GateIo: 0.348%,GateIo/Ascendex: unavailable,HUOBI/Ascendex: unavailable
GLM,u,u,0.2322,0.23,0.2319,0.2298,u,u,MEXC/GateIo: unavailable,MEXC/HUOBI: unavailable,MEXC/Ascendex: unavailable,Ask:GateIo/Bid:HUOBI: 1.044%,GateIo/Ascendex: unavailable,HUOBI/Ascendex: unavailable
IOTX,u,u,0.023363,0.023348,0.023482,0.023339,u,u,MEXC/GateIo: unavailable,MEXC/HUOBI: unavailable,MEXC/Ascendex: unavailable,Ask:HUOBI/Bid:GateIo: 0.573%,GateIo/Ascendex: unavailable,HUOBI/Ascendex: unavailable
JST,u,u,0.0243,0.02425,0.02431,0.024297,u,u,MEXC/GateIo: unavailable,MEXC/HUOBI: unavailable,MEXC/Ascendex: unavailable,Ask:HUOBI/Bid:GateIo: 0.247%,GateIo/Ascendex: unavailable,HUOBI/Ascendex: unavailable
ID,u,u,0.545466,0.544981,u,u,u,u,MEXC/GateIo: unavailable,MEXC/HUOBI: unavailable,MEXC/Ascendex: unavailable,GateIo/HUOBI: unavailable,GateIo/Ascendex: unavailable,HUOBI/Ascendex: unavailable
KRD,u,u,u,u,u,u,u,u,MEXC/GateIo: unavailable,MEXC/HUOBI: unavailable,MEXC/Ascendex: unavailable,GateIo/HUOBI: unavailable,GateIo/Ascendex: unavailable,HUOBI/Ascendex: unavailable
LYXE,u,u,14.7364,14.6132,u,u,u,u,MEXC/GateIo: unavailable,MEXC/HUOBI: unavailable,MEXC/Ascendex: unavailable,GateIo/HUOBI: unavailable,GateIo/Ascendex: unavailable,HUOBI/Ascendex: unavailable
GMT,u,u,0.29464,0.2945,0.2945,0.2943,unavailable,unavailable,MEXC/GateIo: unavailable,MEXC/HUOBI: unavailable,MEXC/Ascendex: unavailable,Ask:GateIo/Bid:HUOBI: 0.115%,GateIo/Ascendex: unavailable,HUOBI/Ascendex: unavailable
WAVES,u,u,1.815,1.813,1.8143,1.8133,u,u,MEXC/GateIo: unavailable,MEXC/HUOBI: unavailable,MEXC/Ascendex: unavailable,Ask:GateIo/Bid:HUOBI: 0.093%,GateIo/Ascendex: unavailable,HUOBI/Ascendex: unavailable
KDA,u,u,0.87178,0.87109,u,u,u,u,MEXC/GateIo: unavailable,MEXC/HUOBI: unavailable,MEXC/Ascendex: unavailable,GateIo/HUOBI: unavailable,GateIo/Ascendex: unavailable,HUOBI/Ascendex: unavailable
RON,u,u,1.0067,1.0059,u,u,u,u,MEXC/GateIo: unavailable,MEXC/HUOBI: unavailable,MEXC/Ascendex: unavailable,GateIo/HUOBI: unavailable,GateIo/Ascendex: unavailable,HUOBI/Ascendex: unavailable
BICO,u,u,0.33123,0.32972,0.3308,0.3303,u,u,MEXC/GateIo: unavailable,MEXC/HUOBI: unavailable,MEXC/Ascendex: unavailable,Ask:HUOBI/Bid:GateIo: 0.327%,GateIo/Ascendex: unavailable,HUOBI/Ascendex: unavailable
SSV,u,u,21.4717,21.4431,21.503,21.4282,u,u,MEXC/GateIo: unavailable,MEXC/HUOBI: unavailable,MEXC/Ascendex: unavailable,Ask:HUOBI/Bid:GateIo: 0.279%,GateIo/Ascendex: unavailable,HUOBI/Ascendex: unavailable
GNS,5.4653,5.4421,5.455,5.4472,5.456,5.4427,u,u,Ask:MEXC/Bid:GateIo: 0.332%,Ask:MEXC/Bid:HUOBI: 0.415%,MEXC/Ascendex: unavailable,Ask:GateIo/Bid:HUOBI: 0.225%,GateIo/Ascendex: unavailable,HUOBI/Ascendex: unavailable
HIVE,u,u,0.3959,0.3927,0.3987,0.3919,u,u,MEXC/GateIo: unavailable,MEXC/HUOBI: unavailable,MEXC/Ascendex: unavailable,Ask:HUOBI/Bid:GateIo: 1.527%,GateIo/Ascendex: unavailable,HUOBI/Ascendex: unavailable
SUSHI,u,u,1.0011,0.9996,1.0008,1.0003,1.008,0.994,MEXC/GateIo: unavailable,MEXC/HUOBI: unavailable,MEXC/Ascendex: unavailable,Ask:HUOBI/Bid:GateIo: 0.120%,Ask:Ascendex/Bid:GateIo: 0.840%,Ask:Ascendex/Bid:HUOBI: 0.769%
SC,0.003824,0.003823,0.003825,0.003807,0.003838,0.003807,u,u,Ask:MEXC/Bid:GateIo: 0.446%,Ask:MEXC/Bid:HUOBI: 0.446%,MEXC/Ascendex: unavailable,Ask:HUOBI/Bid:GateIo: 0.814%,GateIo/Ascendex: unavailable,HUOBI/Ascendex: unavailable
IOST,0.010078,0.010076,0.010097,0.010065,0.010085,0.01008,u,u,Ask:GateIo/Bid:MEXC: 0.208%,Ask:HUOBI/Bid:MEXC: 0.089%,MEXC/Ascendex: unavailable,Ask:HUOBI/Bid:GateIo: 0.198%,GateIo/Ascendex: unavailable,HUOBI/Ascendex: unavailable
AMP,u,u,0.003332,0.003307,0.003318,0.003314,u,u,MEXC/GateIo: unavailable,MEXC/HUOBI: unavailable,MEXC/Ascendex: unavailable,Ask:GateIo/Bid:HUOBI: 0.543%,GateIo/Ascendex: unavailable,HUOBI/Ascendex: unavailable
SKL,0.03506,0.03505,0.035084,0.035064,0.035096,0.035063,u,u,Ask:GateIo/Bid:MEXC: 0.097%,Ask:HUOBI/Bid:MEXC: 0.131%,MEXC/Ascendex: unavailable,Ask:HUOBI/Bid:GateIo: 0.091%,GateIo/Ascendex: unavailable,HUOBI/Ascendex: unavailable
POLY,u,u,u,u,u,u,u,u,MEXC/GateIo: unavailable,MEXC/HUOBI: unavailable,MEXC/Ascendex: unavailable,GateIo/HUOBI: unavailable,GateIo/Ascendex: unavailable,HUOBI/Ascendex: unavailable
FLUX,0.5533,0.5518,0.55363,0.55207,u,u,u,u,Ask:GateIo/Bid:MEXC: 0.331%,MEXC/HUOBI: unavailable,MEXC/Ascendex: unavailable,GateIo/HUOBI: unavailable,GateIo/Ascendex: unavailable,HUOBI/Ascendex: unavailable
LQTY,1.4648,1.4647,1.467,1.465,1.4683,1.4646,u,u,Ask:GateIo/Bid:MEXC: 0.157%,Ask:HUOBI/Bid:MEXC: 0.245%,MEXC/Ascendex: unavailable,Ask:HUOBI/Bid:GateIo: 0.225%,GateIo/Ascendex: unavailable,HUOBI/Ascendex: unavailable
XYM,u,u,0.030235,0.029635,u,u,u,u,MEXC/GateIo: unavailable,MEXC/HUOBI: unavailable,MEXC/Ascendex: unavailable,GateIo/HUOBI: unavailable,GateIo/Ascendex: unavailable,HUOBI/Ascendex: unavailable
MULTI,u,u,8.9616,8.9118,8.9423,8.9068,u,u,MEXC/GateIo: unavailable,MEXC/HUOBI: unavailable,MEXC/Ascendex: unavailable,Ask:GateIo/Bid:HUOBI: 0.615%,GateIo/Ascendex: unavailable,HUOBI/Ascendex: unavailable
BNX,unavailable,unavailable,0.5715,0.5714,u,u,u,u,MEXC/GateIo: unavailable,MEXC/HUOBI: unavailable,MEXC/Ascendex: unavailable,GateIo/HUOBI: unavailable,GateIo/Ascendex: unavailable,HUOBI/Ascendex: unavailable
TOMI,u,u,3.17144,3.16572,3.2039,3.1824,u,u,MEXC/GateIo: unavailable,MEXC/HUOBI: unavailable,MEXC/Ascendex: unavailable,Ask:HUOBI/Bid:GateIo: 1.206%,GateIo/Ascendex: unavailable,HUOBI/Ascendex: unavailable
OMI,u,u,0.0005777,0.0005694,u,u,0.0005621,0.0005601,MEXC/GateIo: unavailable,MEXC/HUOBI: unavailable,MEXC/Ascendex: unavailable,GateIo/HUOBI: unavailable,Ask:GateIo/Bid:Ascendex: 3.142%,HUOBI/Ascendex: unavailable
EXRD,u,u,u,u,u,u,0.08707,0.08677,MEXC/GateIo: unavailable,MEXC/HUOBI: unavailable,MEXC/Ascendex: unavailable,GateIo/HUOBI: unavailable,GateIo/Ascendex: unavailable,HUOBI/Ascendex: unavailable
SYN,0.731,0.7305,0.733,0.7326,0.733,0.7303,u,u,Ask:GateIo/Bid:MEXC: 0.342%,Ask:HUOBI/Bid:MEXC: 0.342%,MEXC/Ascendex: unavailable,Ask:GateIo/Bid:HUOBI: 0.369%,GateIo/Ascendex: unavailable,HUOBI/Ascendex: unavailable
SFP,0.4393,0.4392,0.44079,0.43863,u,u,u,u,Ask:GateIo/Bid:MEXC: 0.362%,MEXC/HUOBI: unavailable,MEXC/Ascendex: unavailable,GateIo/HUOBI: unavailable,GateIo/Ascendex: unavailable,HUOBI/Ascendex: unavailable
TRAC,u,u,u,u,0.3196,0.3156,u,u,MEXC/GateIo: unavailable,MEXC/HUOBI: unavailable,MEXC/Ascendex: unavailable,GateIo/HUOBI: unavailable,GateIo/Ascendex: unavailable,HUOBI/Ascendex: unavailable
OCEAN,0.3374,0.3373,0.33775,0.33727,0.3382,0.3372,u,u,Ask:GateIo/Bid:MEXC: 0.133%,Ask:HUOBI/Bid:MEXC: 0.266%,MEXC/Ascendex: unavailable,Ask:HUOBI/Bid:GateIo: 0.275%,GateIo/Ascendex: unavailable,HUOBI/Ascendex: unavailable
OMG,u,u,1.0053,1.0034,1.0046,1.0041,1.011,1.001,MEXC/GateIo: unavailable,MEXC/HUOBI: unavailable,MEXC/Ascendex: unavailable,Ask:GateIo/Bid:HUOBI: 0.119%,Ask:Ascendex/Bid:GateIo: 0.757%,Ask:Ascendex/Bid:HUOBI: 0.687%
STRD,u,u,u,u,u,u,u,u,MEXC/GateIo: unavailable,MEXC/HUOBI: unavailable,MEXC/Ascendex: unavailable,GateIo/HUOBI: unavailable,GateIo/Ascendex: unavailable,HUOBI/Ascendex: unavailable
TRIBE,u,u,0.304,0.2973,0.3039,0.2903,u,u,MEXC/GateIo: unavailable,MEXC/HUOBI: unavailable,MEXC/Ascendex: unavailable,Ask:GateIo/Bid:HUOBI: 4.719%,GateIo/Ascendex: unavailable,HUOBI/Ascendex: unavailable
DGB,u,u,u,u,u,u,u,u,MEXC/GateIo: unavailable,MEXC/HUOBI: unavailable,MEXC/Ascendex: unavailable,GateIo/HUOBI: unavailable,GateIo/Ascendex: unavailable,HUOBI/Ascendex: unavailable
MAGIC,u,u,1.0223,1.02187,1.0229,1.0222,u,u,MEXC/GateIo: unavailable,MEXC/HUOBI: unavailable,MEXC/Ascendex: unavailable,Ask:HUOBI/Bid:GateIo: 0.100%,GateIo/Ascendex: unavailable,HUOBI/Ascendex: unavailable
BORA,u,u,0.17066,0.16848,u,u,u,u,MEXC/GateIo: unavailable,MEXC/HUOBI: unavailable,MEXC/Ascendex: unavailable,GateIo/HUOBI: unavailable,GateIo/Ascendex: unavailable,HUOBI/Ascendex: unavailable
STG,u,u,0.7152,0.7144,0.7163,0.7159,u,u,MEXC/GateIo: unavailable,MEXC/HUOBI: unavailable,MEXC/Ascendex: unavailable,Ask:HUOBI/Bid:GateIo: 0.265%,GateIo/Ascendex: unavailable,HUOBI/Ascendex: unavailable
XIN,u,u,u,u,u,u,u,u,MEXC/GateIo: unavailable,MEXC/HUOBI: unavailable,MEXC/Ascendex: unavailable,GateIo/HUOBI: unavailable,GateIo/Ascendex: unavailable,HUOBI/Ascendex: unavailable
APPI3,u,u,u,u,u,u,u,u,MEXC/GateIo: unavailable,MEXC/HUOBI: unavailable,MEXC/Ascendex: unavailable,GateIo/HUOBI: unavailable,GateIo/Ascendex: unavailable,HUOBI/Ascendex: unavailable
ANT,u,u,3.0131,3.01,3.0105,3.0098,u,u,MEXC/GateIo: unavailable,MEXC/HUOBI: unavailable,MEXC/Ascendex: unavailable,Ask:GateIo/Bid:HUOBI: 0.109%,GateIo/Ascendex: unavailable,HUOBI/Ascendex: unavailable
CHSB,u,u,u,u,0.1626,0.1596,u,u,MEXC/GateIo: unavailable,MEXC/HUOBI: unavailable,MEXC/Ascendex: unavailable,GateIo/HUOBI: unavailable,GateIo/Ascendex: unavailable,HUOBI/Ascendex: unavailable
ZEN,u,u,8.81,8.795,8.8088,8.7997,u,u,MEXC/GateIo: unavailable,MEXC/HUOBI: unavailable,MEXC/Ascendex: unavailable,Ask:HUOBI/Bid:GateIo: 0.156%,GateIo/Ascendex: unavailable,HUOBI/Ascendex: unavailable
ACH,u,u,0.027384,0.02737,0.02737,0.027348,0.02754,0.02718,MEXC/GateIo: unavailable,MEXC/HUOBI: unavailable,MEXC/Ascendex: unavailable,Ask:GateIo/Bid:HUOBI: 0.131%,Ask:GateIo/Bid:Ascendex: 0.750%,Ask:Ascendex/Bid:HUOBI: 0.702%
BRISE,u,u,0.00000034232,0.00000034207,3.499e-07,3.465e-07,u,u,MEXC/GateIo: unavailable,MEXC/HUOBI: unavailable,MEXC/Ascendex: unavailable,Ask:HUOBI/Bid:GateIo: 2.289%,GateIo/Ascendex: unavailable,HUOBI/Ascendex: unavailable
POLYX,u,u,0.1731,0.1728,0.1733,0.1728,u,u,MEXC/GateIo: unavailable,MEXC/HUOBI: unavailable,MEXC/Ascendex: unavailable,Ask:HUOBI/Bid:GateIo: 0.289%,GateIo/Ascendex: unavailable,HUOBI/Ascendex: unavailable
CEL,u,u,0.26597,0.26533,0.2707,0.2644,u,u,MEXC/GateIo: unavailable,MEXC/HUOBI: unavailable,MEXC/Ascendex: unavailable,Ask:HUOBI/Bid:GateIo: 2.023%,GateIo/Ascendex: unavailable,HUOBI/Ascendex: unavailable
DESO,u,u,11.3959,11.3683,u,u,u,u,MEXC/GateIo: unavailable,MEXC/HUOBI: unavailable,MEXC/Ascendex: unavailable,GateIo/HUOBI: unavailable,GateIo/Ascendex: unavailable,HUOBI/Ascendex: unavailable
KUB,u,u,1.6763,1.6742,u,u,u,u,MEXC/GateIo: unavailable,MEXC/HUOBI: unavailable,MEXC/Ascendex: unavailable,GateIo/HUOBI: unavailable,GateIo/Ascendex: unavailable,HUOBI/Ascendex: unavailable
CELR,u,u,0.021387,0.021324,u,u,u,u,MEXC/GateIo: unavailable,MEXC/HUOBI: unavailable,MEXC/Ascendex: unavailable,GateIo/HUOBI: unavailable,GateIo/Ascendex: unavailable,HUOBI/Ascendex: unavailable
EWT,u,u,2.4582,2.4389,u,u,u,u,MEXC/GateIo: unavailable,MEXC/HUOBI: unavailable,MEXC/Ascendex: unavailable,GateIo/HUOBI: unavailable,GateIo/Ascendex: unavailable,HUOBI/Ascendex: unavailable
EVMOS,u,u,u,u,0.2662,0.2652,u,u,MEXC/GateIo: unavailable,MEXC/HUOBI: unavailable,MEXC/Ascendex: unavailable,GateIo/HUOBI: unavailable,GateIo/Ascendex: unavailable,HUOBI/Ascendex: unavailable
COMBO,u,u,0.035092,0.034742,u,u,u,u,MEXC/GateIo: unavailable,MEXC/HUOBI: unavailable,MEXC/Ascendex: unavailable,GateIo/HUOBI: unavailable,GateIo/Ascendex: unavailable,HUOBI/Ascendex: unavailable
TEL,u,u,u,u,u,u,u,u,MEXC/GateIo: unavailable,MEXC/HUOBI: unavailable,MEXC/Ascendex: unavailable,GateIo/HUOBI: unavailable,GateIo/Ascendex: unavailable,HUOBI/Ascendex: unavailable
SCRT,u,u,0.5781,0.5754,0.5793,0.5747,u,u,MEXC/GateIo: unavailable,MEXC/HUOBI: unavailable,MEXC/Ascendex: unavailable,Ask:HUOBI/Bid:GateIo: 0.677%,GateIo/Ascendex: unavailable,HUOBI/Ascendex: unavailable
PLA,u,u,0.2032,0.202,0.2033,0.2024,u,u,MEXC/GateIo: unavailable,MEXC/HUOBI: unavailable,MEXC/Ascendex: unavailable,Ask:HUOBI/Bid:GateIo: 0.643%,GateIo/Ascendex: unavailable,HUOBI/Ascendex: unavailable
METIS,u,u,28.238,28.215,28.5714,28.3338,u,u,MEXC/GateIo: unavailable,MEXC/HUOBI: unavailable,MEXC/Ascendex: unavailable,Ask:HUOBI/Bid:GateIo: 1.263%,GateIo/Ascendex: unavailable,HUOBI/Ascendex: unavailable
DEXE,u,u,2.823,2.8061,2.8112,2.7996,u,u,MEXC/GateIo: unavailable,MEXC/HUOBI: unavailable,MEXC/Ascendex: unavailable,Ask:GateIo/Bid:HUOBI: 0.835%,GateIo/Ascendex: unavailable,HUOBI/Ascendex: unavailable
LPT,u,u,5.184,5.174,5.1747,5.1718,u,u,MEXC/GateIo: unavailable,MEXC/HUOBI: unavailable,MEXC/Ascendex: unavailable,Ask:GateIo/Bid:HUOBI: 0.235%,GateIo/Ascendex: unavailable,HUOBI/Ascendex: unavailable
CANTO,u,u,0.22979,0.22672,u,u,u,u,MEXC/GateIo: unavailable,MEXC/HUOBI: unavailable,MEXC/Ascendex: unavailable,GateIo/HUOBI: unavailable,GateIo/Ascendex: unavailable,HUOBI/Ascendex: unavailable
UMA,u,u,2.9472,2.9212,2.9353,2.9283,u,u,MEXC/GateIo: unavailable,MEXC/HUOBI: unavailable,MEXC/Ascendex: unavailable,Ask:GateIo/Bid:HUOBI: 0.645%,GateIo/Ascendex: unavailable,HUOBI/Ascendex: unavailable
CKB,u,u,0.0035474,0.0035379,0.003552,0.003539,0.003545,0.003527,MEXC/GateIo: unavailable,MEXC/HUOBI: unavailable,MEXC/Ascendex: unavailable,Ask:HUOBI/Bid:GateIo: 0.398%,Ask:GateIo/Bid:Ascendex: 0.578%,Ask:HUOBI/Bid:Ascendex: 0.708%
ELF,u,u,0.29579,0.29286,0.2951,0.2945,0.29667,0.29446,MEXC/GateIo: unavailable,MEXC/HUOBI: unavailable,MEXC/Ascendex: unavailable,Ask:HUOBI/Bid:GateIo: 0.764%,Ask:Ascendex/Bid:GateIo: 1.300%,Ask:Ascendex/Bid:HUOBI: 0.736%
WAXL,u,u,0.58198,0.58101,0.58159,0.5799,u,u,MEXC/GateIo: unavailable,MEXC/HUOBI: unavailable,MEXC/Ascendex: unavailable,Ask:GateIo/Bid:HUOBI: 0.358%,GateIo/Ascendex: unavailable,HUOBI/Ascendex: unavailable
CTSI,u,u,0.1972,0.1967,0.1975,0.197,u,u,MEXC/GateIo: unavailable,MEXC/HUOBI: unavailable,MEXC/Ascendex: unavailable,Ask:HUOBI/Bid:GateIo: 0.406%,GateIo/Ascendex: unavailable,HUOBI/Ascendex: unavailable
RIF,u,u,0.13498,0.134216,u,u,u,u,MEXC/GateIo: unavailable,MEXC/HUOBI: unavailable,MEXC/Ascendex: unavailable,GateIo/HUOBI: unavailable,GateIo/Ascendex: unavailable,HUOBI/Ascendex: unavailable
RLC,u,u,1.77,1.7653,1.7709,1.7691,u,u,MEXC/GateIo: unavailable,MEXC/HUOBI: unavailable,MEXC/Ascendex: unavailable,Ask:HUOBI/Bid:GateIo: 0.317%,GateIo/Ascendex: unavailable,HUOBI/Ascendex: unavailable
ACS,u,u,0.00467883,0.00467159,u,u,u,u,MEXC/GateIo: unavailable,MEXC/HUOBI: unavailable,MEXC/Ascendex: unavailable,GateIo/HUOBI: unavailable,GateIo/Ascendex: unavailable,HUOBI/Ascendex: unavailable
EVER,u,u,0.051432,0.051427,0.0514,0.0512,u,u,MEXC/GateIo: unavailable,MEXC/HUOBI: unavailable,MEXC/Ascendex: unavailable,Ask:GateIo/Bid:HUOBI: 0.453%,GateIo/Ascendex: unavailable,HUOBI/Ascendex: unavailable
MIM,u,u,u,u,u,u,1.005,1.0034,MEXC/GateIo: unavailable,MEXC/HUOBI: unavailable,MEXC/Ascendex: unavailable,GateIo/HUOBI: unavailable,GateIo/Ascendex: unavailable,HUOBI/Ascendex: unavailable
KNC,u,u,0.6591,0.6558,0.6583,0.6571,u,u,MEXC/GateIo: unavailable,MEXC/HUOBI: unavailable,MEXC/Ascendex: unavailable,Ask:HUOBI/Bid:GateIo: 0.381%,GateIo/Ascendex: unavailable,HUOBI/Ascendex: unavailable
SGB,u,u,0.008254,0.008239,u,u,u,u,MEXC/GateIo: unavailable,MEXC/HUOBI: unavailable,MEXC/Ascendex: unavailable,GateIo/HUOBI: unavailable,GateIo/Ascendex: unavailable,HUOBI/Ascendex: unavailable
SLP,u,u,0.0024399,0.0024359,u,u,u,u,MEXC/GateIo: unavailable,MEXC/HUOBI: unavailable,MEXC/Ascendex: unavailable,GateIo/HUOBI: unavailable,GateIo/Ascendex: unavailable,HUOBI/Ascendex: unavailable
DHX,u,u,4.1211,4.1132,u,u,u,u,MEXC/GateIo: unavailable,MEXC/HUOBI: unavailable,MEXC/Ascendex: unavailable,GateIo/HUOBI: unavailable,GateIo/Ascendex: unavailable,HUOBI/Ascendex: unavailable
JOE,0.3676,0.3675,0.3684,0.3673,0.3682,0.3671,u,u,Ask:GateIo/Bid:MEXC: 0.244%,Ask:HUOBI/Bid:MEXC: 0.190%,MEXC/Ascendex: unavailable,Ask:GateIo/Bid:HUOBI: 0.354%,GateIo/Ascendex: unavailable,HUOBI/Ascendex: unavailable
ERG,u,u,1.536,1.5315,1.5453,1.5309,u,u,MEXC/GateIo: unavailable,MEXC/HUOBI: unavailable,MEXC/Ascendex: unavailable,Ask:HUOBI/Bid:GateIo: 0.901%,GateIo/Ascendex: unavailable,HUOBI/Ascendex: unavailable
FXS,u,u,7.499,7.482,u,u,7.543,7.457,MEXC/GateIo: unavailable,MEXC/HUOBI: unavailable,MEXC/Ascendex: unavailable,GateIo/HUOBI: unavailable,Ask:Ascendex/Bid:GateIo: 0.815%,HUOBI/Ascendex: unavailable
BLID,u,u,u,u,u,u,u,u,MEXC/GateIo: unavailable,MEXC/HUOBI: unavailable,MEXC/Ascendex: unavailable,GateIo/HUOBI: unavailable,GateIo/Ascendex: unavailable,HUOBI/Ascendex: unavailable
ALICE,u,u,1.4629,1.4571,1.461,1.4597,u,u,MEXC/GateIo: unavailable,MEXC/HUOBI: unavailable,MEXC/Ascendex: unavailable,Ask:HUOBI/Bid:GateIo: 0.267%,GateIo/Ascendex: unavailable,HUOBI/Ascendex: unavailable
RDNT,u,u,0.38736,0.38684,0.3916,0.3855,u,u,MEXC/GateIo: unavailable,MEXC/HUOBI: unavailable,MEXC/Ascendex: unavailable,Ask:HUOBI/Bid:GateIo: 1.230%,GateIo/Ascendex: unavailable,HUOBI/Ascendex: unavailable
MLK,u,u,0.34283,0.33555,0.3444,0.3393,u,u,MEXC/GateIo: unavailable,MEXC/HUOBI: unavailable,MEXC/Ascendex: unavailable,Ask:HUOBI/Bid:GateIo: 2.637%,GateIo/Ascendex: unavailable,HUOBI/Ascendex: unavailable
HFT,u,u,0.50976,0.50944,0.5095,0.509,u,u,MEXC/GateIo: unavailable,MEXC/HUOBI: unavailable,MEXC/Ascendex: unavailable,Ask:GateIo/Bid:HUOBI: 0.149%,GateIo/Ascendex: unavailable,HUOBI/Ascendex: unavailable
MC,u,u,0.26247,0.26162,0.2636,0.2583,u,u,MEXC/GateIo: unavailable,MEXC/HUOBI: unavailable,MEXC/Ascendex: unavailable,Ask:GateIo/Bid:HUOBI: 1.614%,GateIo/Ascendex: unavailable,HUOBI/Ascendex: unavailable
XNO,u,u,u,u,0.000566,0.000556,u,u,MEXC/GateIo: unavailable,MEXC/HUOBI: unavailable,MEXC/Ascendex: unavailable,GateIo/HUOBI: unavailable,GateIo/Ascendex: unavailable,HUOBI/Ascendex: unavailable
NMR,u,u,15.5587,15.5142,u,u,u,u,MEXC/GateIo: unavailable,MEXC/HUOBI: unavailable,MEXC/Ascendex: unavailable,GateIo/HUOBI: unavailable,GateIo/Ascendex: unavailable,HUOBI/Ascendex: unavailable
MSOL,u,u,24.595,24.009,u,u,u,u,MEXC/GateIo: unavailable,MEXC/HUOBI: unavailable,MEXC/Ascendex: unavailable,GateIo/HUOBI: unavailable,GateIo/Ascendex: unavailable,HUOBI/Ascendex: unavailable
SYS,u,u,0.13618,0.13543,0.1368,0.1358,u,u,MEXC/GateIo: unavailable,MEXC/HUOBI: unavailable,MEXC/Ascendex: unavailable,Ask:HUOBI/Bid:GateIo: 1.011%,GateIo/Ascendex: unavailable,HUOBI/Ascendex: unavailable
SNT,u,u,0.02614,0.02597,0.026373,0.026041,u,u,MEXC/GateIo: unavailable,MEXC/HUOBI: unavailable,MEXC/Ascendex: unavailable,Ask:HUOBI/Bid:GateIo: 1.551%,GateIo/Ascendex: unavailable,HUOBI/Ascendex: unavailable
STEEM,u,u,0.2125,0.2106,0.2113,0.2111,u,u,MEXC/GateIo: unavailable,MEXC/HUOBI: unavailable,MEXC/Ascendex: unavailable,Ask:GateIo/Bid:HUOBI: 0.663%,GateIo/Ascendex: unavailable,HUOBI/Ascendex: unavailable
BLD,u,u,u,u,0.2059,0.2037,u,u,MEXC/GateIo: unavailable,MEXC/HUOBI: unavailable,MEXC/Ascendex: unavailable,GateIo/HUOBI: unavailable,GateIo/Ascendex: unavailable,HUOBI/Ascendex: unavailable
GTC,1.628,1.627,0.0005104,0.0005056,u,u,u,u,Ask:MEXC/Bid:GateIo: 32189%,MEXC/HUOBI: unavailable,MEXC/Ascendex: unavailable,GateIo/HUOBI: unavailable,GateIo/Ascendex: unavailable,HUOBI/Ascendex: unavailable
ASD,u,u,0.0936,0.0927,u,u,u,u,MEXC/GateIo: unavailable,MEXC/HUOBI: unavailable,MEXC/Ascendex: unavailable,GateIo/HUOBI: unavailable,GateIo/Ascendex: unavailable,HUOBI/Ascendex: unavailable
SFM,u,u,0.0001455,0.0001453,u,u,u,u,MEXC/GateIo: unavailable,MEXC/HUOBI: unavailable,MEXC/Ascendex: unavailable,GateIo/HUOBI: unavailable,GateIo/Ascendex: unavailable,HUOBI/Ascendex: unavailable
HOOK,1.622,1.621,1.62367,1.62175,u,u,u,u,Ask:GateIo/Bid:MEXC: 0.164%,MEXC/HUOBI: unavailable,MEXC/Ascendex: unavailable,GateIo/HUOBI: unavailable,GateIo/Ascendex: unavailable,HUOBI/Ascendex: unavailable
ABBC,u,u,0.103007,0.102587,0.1022,0.1018,u,u,MEXC/GateIo: unavailable,MEXC/HUOBI: unavailable,MEXC/Ascendex: unavailable,Ask:GateIo/Bid:HUOBI: 1.185%,GateIo/Ascendex: unavailable,HUOBI/Ascendex: unavailable
DERO,u,u,u,u,u,u,u,u,MEXC/GateIo: unavailable,MEXC/HUOBI: unavailable,MEXC/Ascendex: unavailable,GateIo/HUOBI: unavailable,GateIo/Ascendex: unavailable,HUOBI/Ascendex: unavailable
RBN,u,u,0.1613,0.1607,u,u,u,u,MEXC/GateIo: unavailable,MEXC/HUOBI: unavailable,MEXC/Ascendex: unavailable,GateIo/HUOBI: unavailable,GateIo/Ascendex: unavailable,HUOBI/Ascendex: unavailable
LOCUS,u,u,u,u,u,u,u,u,MEXC/GateIo: unavailable,MEXC/HUOBI: unavailable,MEXC/Ascendex: unavailable,GateIo/HUOBI: unavailable,GateIo/Ascendex: unavailable,HUOBI/Ascendex: unavailable
FLEX,u,u,u,u,u,u,u,u,MEXC/GateIo: unavailable,MEXC/HUOBI: unavailable,MEXC/Ascendex: unavailable,GateIo/HUOBI: unavailable,GateIo/Ascendex: unavailable,HUOBI/Ascendex: unavailable
ORBS,u,u,0.029143,0.028805,0.029125,0.028925,u,u,MEXC/GateIo: unavailable,MEXC/HUOBI: unavailable,MEXC/Ascendex: unavailable,Ask:HUOBI/Bid:GateIo: 1.110%,GateIo/Ascendex: unavailable,HUOBI/Ascendex: unavailable
GLR,u,u,u,u,u,u,u,u,MEXC/GateIo: unavailable,MEXC/HUOBI: unavailable,MEXC/Ascendex: unavailable,GateIo/HUOBI: unavailable,GateIo/Ascendex: unavailable,HUOBI/Ascendex: unavailable
ALICE,1.461,1.46,1.4629,1.4571,1.4609,1.4597,1.4678,1.4507,Ask:MEXC/Bid:GateIo: 0.267%,Ask:MEXC/Bid:HUOBI: 0.089%,Ask:MEXC/Bid:Ascendex: 0.710%,Ask:HUOBI/Bid:GateIo: 0.260%,Ask:GateIo/Bid:Ascendex: 0.840%,Ask:HUOBI/Bid:Ascendex: 0.703%
CFG,u,u,0.2058,0.2051,u,u,u,u,MEXC/GateIo: unavailable,MEXC/HUOBI: unavailable,MEXC/Ascendex: unavailable,GateIo/HUOBI: unavailable,GateIo/Ascendex: unavailable,HUOBI/Ascendex: unavailable
C98,0.2163,0.2162,0.21648,0.21608,0.2162,0.216,0.218,0.215,Ask:GateIo/Bid:MEXC: 0.129%,Ask:MEXC/Bid:HUOBI: 0.138%,Ask:Ascendex/Bid:MEXC: 0.832%,Ask:GateIo/Bid:HUOBI: 0.222%,Ask:Ascendex/Bid:GateIo: 0.888%,Ask:Ascendex/Bid:HUOBI: 0.925%
MBOX,unavailable,unavailable,0.45789,0.45672,0.4584,0.4572,u,u,MEXC/GateIo: unavailable,MEXC/HUOBI: unavailable,MEXC/Ascendex: unavailable,Ask:HUOBI/Bid:GateIo: 0.367%,GateIo/Ascendex: unavailable,HUOBI/Ascendex: unavailable
VTHO,u,u,0.0013393,0.0013322,u,u,u,u,MEXC/GateIo: unavailable,MEXC/HUOBI: unavailable,MEXC/Ascendex: unavailable,GateIo/HUOBI: unavailable,GateIo/Ascendex: unavailable,HUOBI/Ascendex: unavailable
STIK,u,u,1.59604,1.56411,u,u,u,u,MEXC/GateIo: unavailable,MEXC/HUOBI: unavailable,MEXC/Ascendex: unavailable,GateIo/HUOBI: unavailable,GateIo/Ascendex: unavailable,HUOBI/Ascendex: unavailable
IQ,u,u,u,u,u,u,u,u,MEXC/GateIo: unavailable,MEXC/HUOBI: unavailable,MEXC/Ascendex: unavailable,GateIo/HUOBI: unavailable,GateIo/Ascendex: unavailable,HUOBI/Ascendex: unavailable
DAG,u,u,0.0354,0.03529,u,u,u,u,MEXC/GateIo: unavailable,MEXC/HUOBI: unavailable,MEXC/Ascendex: unavailable,GateIo/HUOBI: unavailable,GateIo/Ascendex: unavailable,HUOBI/Ascendex: unavailable
CVC,u,u,0.0995,0.09939,0.0996,0.0993,u,u,MEXC/GateIo: unavailable,MEXC/HUOBI: unavailable,MEXC/Ascendex: unavailable,Ask:HUOBI/Bid:GateIo: 0.211%,GateIo/Ascendex: unavailable,HUOBI/Ascendex: unavailable
PEOPLE,u,u,0.019952,0.019932,0.01996,0.019945,u,u,MEXC/GateIo: unavailable,MEXC/HUOBI: unavailable,MEXC/Ascendex: unavailable,Ask:HUOBI/Bid:GateIo: 0.140%,GateIo/Ascendex: unavailable,HUOBI/Ascendex: unavailable
ARDR,u,u,u,u,u,u,u,u,MEXC/GateIo: unavailable,MEXC/HUOBI: unavailable,MEXC/Ascendex: unavailable,GateIo/HUOBI: unavailable,GateIo/Ascendex: unavailable,HUOBI/Ascendex: unavailable
CHR,u,u,0.14649,0.14613,0.14646,0.146336,u,u,MEXC/GateIo: unavailable,MEXC/HUOBI: unavailable,MEXC/Ascendex: unavailable,Ask:HUOBI/Bid:GateIo: 0.225%,GateIo/Ascendex: unavailable,HUOBI/Ascendex: unavailable
KEEP,u,u,unavailable,unavailable,u,u,u,u,MEXC/GateIo: unavailable,MEXC/HUOBI: unavailable,MEXC/Ascendex: unavailable,GateIo/HUOBI: unavailable,GateIo/Ascendex: unavailable,HUOBI/Ascendex: unavailable
HEZ,u,u,u,u,u,u,u,u,MEXC/GateIo: unavailable,MEXC/HUOBI: unavailable,MEXC/Ascendex: unavailable,GateIo/HUOBI: unavailable,GateIo/Ascendex: unavailable,HUOBI/Ascendex: unavailable
WCFG,u,u,u,u,u,u,u,u,MEXC/GateIo: unavailable,MEXC/HUOBI: unavailable,MEXC/Ascendex: unavailable,GateIo/HUOBI: unavailable,GateIo/Ascendex: unavailable,HUOBI/Ascendex: unavailable
MRS,u,u,u,u,1.5365,1.4917,u,u,MEXC/GateIo: unavailable,MEXC/HUOBI: unavailable,MEXC/Ascendex: unavailable,GateIo/HUOBI: unavailable,GateIo/Ascendex: unavailable,HUOBI/Ascendex: unavailable
WIN,u,u,0.00008157,0.00008131,8.157e-05,8.15e-05,u,u,MEXC/GateIo: unavailable,MEXC/HUOBI: unavailable,MEXC/Ascendex: unavailable,Ask:HUOBI/Bid:GateIo: 0.319%,GateIo/Ascendex: unavailable,HUOBI/Ascendex: unavailable
GAL,u,u,1.6014,1.5983,1.6001,1.5975,u,u,MEXC/GateIo: unavailable,MEXC/HUOBI: unavailable,MEXC/Ascendex: unavailable,Ask:GateIo/Bid:HUOBI: 0.244%,GateIo/Ascendex: unavailable,HUOBI/Ascendex: unavailable
MTL,u,u,1.2197,1.21504,1.2179,1.2129,u,u,MEXC/GateIo: unavailable,MEXC/HUOBI: unavailable,MEXC/Ascendex: unavailable,Ask:GateIo/Bid:HUOBI: 0.560%,GateIo/Ascendex: unavailable,HUOBI/Ascendex: unavailable
BNT,u,u,u,u,0.4653,0.4649,u,u,MEXC/GateIo: unavailable,MEXC/HUOBI: unavailable,MEXC/Ascendex: unavailable,GateIo/HUOBI: unavailable,GateIo/Ascendex: unavailable,HUOBI/Ascendex: unavailable
MED,u,u,0.015366,0.015252,u,u,u,u,MEXC/GateIo: unavailable,MEXC/HUOBI: unavailable,MEXC/Ascendex: unavailable,GateIo/HUOBI: unavailable,GateIo/Ascendex: unavailable,HUOBI/Ascendex: unavailable
CQT,u,u,0.1471,0.1469,u,u,0.1779,0.1759,MEXC/GateIo: unavailable,MEXC/HUOBI: unavailable,MEXC/Ascendex: unavailable,GateIo/HUOBI: unavailable,Ask:Ascendex/Bid:GateIo: 21.10%,HUOBI/Ascendex: unavailable
XVS,u,u,5.3986,5.3783,u,u,u,u,MEXC/GateIo: unavailable,MEXC/HUOBI: unavailable,MEXC/Ascendex: unavailable,GateIo/HUOBI: unavailable,GateIo/Ascendex: unavailable,HUOBI/Ascendex: unavailable
DUSK,u,u,0.158,0.1576,0.1581,0.1579,u,u,MEXC/GateIo: unavailable,MEXC/HUOBI: unavailable,MEXC/Ascendex: unavailable,Ask:HUOBI/Bid:GateIo: 0.317%,GateIo/Ascendex: unavailable,HUOBI/Ascendex: unavailable
PROM,u,u,4.8687,4.8598,4.8949,4.875,u,u,MEXC/GateIo: unavailable,MEXC/HUOBI: unavailable,MEXC/Ascendex: unavailable,Ask:HUOBI/Bid:GateIo: 0.722%,GateIo/Ascendex: unavailable,HUOBI/Ascendex: unavailable
PHA,u,u,0.1361,0.1357,0.135829,0.135775,u,u,MEXC/GateIo: unavailable,MEXC/HUOBI: unavailable,MEXC/Ascendex: unavailable,Ask:GateIo/Bid:HUOBI: 0.239%,GateIo/Ascendex: unavailable,HUOBI/Ascendex: unavailable
MDX,u,u,0.07533,0.07517,0.0752,0.0751,u,u,MEXC/GateIo: unavailable,MEXC/HUOBI: unavailable,MEXC/Ascendex: unavailable,Ask:GateIo/Bid:HUOBI: 0.306%,GateIo/Ascendex: unavailable,HUOBI/Ascendex: unavailable
KUJI,u,u,u,u,u,u,u,u,MEXC/GateIo: unavailable,MEXC/HUOBI: unavailable,MEXC/Ascendex: unavailable,GateIo/HUOBI: unavailable,GateIo/Ascendex: unavailable,HUOBI/Ascendex: unavailable
DKA,u,u,0.03347,0.03317,0.033697,0.033246,u,u,MEXC/GateIo: unavailable,MEXC/HUOBI: unavailable,MEXC/Ascendex: unavailable,Ask:HUOBI/Bid:GateIo: 1.588%,GateIo/Ascendex: unavailable,HUOBI/Ascendex: unavailable
KWENTA,u,u,u,u,u,u,u,u,MEXC/GateIo: unavailable,MEXC/HUOBI: unavailable,MEXC/Ascendex: unavailable,GateIo/HUOBI: unavailable,GateIo/Ascendex: unavailable,HUOBI/Ascendex: unavailable
QKC,u,u,0.010485,0.010402,u,u,u,u,MEXC/GateIo: unavailable,MEXC/HUOBI: unavailable,MEXC/Ascendex: unavailable,GateIo/HUOBI: unavailable,GateIo/Ascendex: unavailable,HUOBI/Ascendex: unavailable
NEST,u,u,0.015412,0.015088,0.015246,0.015244,u,u,MEXC/GateIo: unavailable,MEXC/HUOBI: unavailable,MEXC/Ascendex: unavailable,Ask:GateIo/Bid:HUOBI: 1.102%,GateIo/Ascendex: unavailable,HUOBI/Ascendex: unavailable
REQ,u,u,0.09229,0.09223,0.0925,0.0916,u,u,MEXC/GateIo: unavailable,MEXC/HUOBI: unavailable,MEXC/Ascendex: unavailable,Ask:GateIo/Bid:HUOBI: 0.753%,GateIo/Ascendex: unavailable,HUOBI/Ascendex: unavailable
DOLA,u,u,u,u,u,u,u,u,MEXC/GateIo: unavailable,MEXC/HUOBI: unavailable,MEXC/Ascendex: unavailable,GateIo/HUOBI: unavailable,GateIo/Ascendex: unavailable,HUOBI/Ascendex: unavailable
NKN,u,u,0.105986,0.105783,0.106054,0.105984,u,u,MEXC/GateIo: unavailable,MEXC/HUOBI: unavailable,MEXC/Ascendex: unavailable,Ask:HUOBI/Bid:GateIo: 0.256%,GateIo/Ascendex: unavailable,HUOBI/Ascendex: unavailable
MOB,u,u,0.8423,0.8412,u,u,u,u,MEXC/GateIo: unavailable,MEXC/HUOBI: unavailable,MEXC/Ascendex: unavailable,GateIo/HUOBI: unavailable,GateIo/Ascendex: unavailable,HUOBI/Ascendex: unavailable
POND,u,u,0.0094874,0.0094354,0.009453,0.009434,u,u,MEXC/GateIo: unavailable,MEXC/HUOBI: unavailable,MEXC/Ascendex: unavailable,Ask:GateIo/Bid:HUOBI: 0.566%,GateIo/Ascendex: unavailable,HUOBI/Ascendex: unavailable
STRAX,u,u,0.5192,0.5178,u,u,u,u,MEXC/GateIo: unavailable,MEXC/HUOBI: unavailable,MEXC/Ascendex: unavailable,GateIo/HUOBI: unavailable,GateIo/Ascendex: unavailable,HUOBI/Ascendex: unavailable
NYM,u,u,0.20917,0.2068,0.2083,0.208,u,u,MEXC/GateIo: unavailable,MEXC/HUOBI: unavailable,MEXC/Ascendex: unavailable,Ask:HUOBI/Bid:GateIo: 0.725%,GateIo/Ascendex: unavailable,HUOBI/Ascendex: unavailable
POWR,u,u,0.1724,0.1708,u,u,u,u,MEXC/GateIo: unavailable,MEXC/HUOBI: unavailable,MEXC/Ascendex: unavailable,GateIo/HUOBI: unavailable,GateIo/Ascendex: unavailable,HUOBI/Ascendex: unavailable
WRX,u,u,0.1494,0.1478,u,u,u,u,MEXC/GateIo: unavailable,MEXC/HUOBI: unavailable,MEXC/Ascendex: unavailable,GateIo/HUOBI: unavailable,GateIo/Ascendex: unavailable,HUOBI/Ascendex: unavailable
REN,0.08506,0.08505,0.0852,0.08506,0.085197,0.08505,u,u,Ask:GateIo/Bid:MEXC: 0.176%,Ask:HUOBI/Bid:MEXC: 0.172%,MEXC/Ascendex: unavailable,Ask:GateIo/Bid:HUOBI: 0.176%,GateIo/Ascendex: unavailable,HUOBI/Ascendex: unavailable
PYR,u,u,3.2246,3.2193,3.2258,3.2184,u,u,MEXC/GateIo: unavailable,MEXC/HUOBI: unavailable,MEXC/Ascendex: unavailable,Ask:HUOBI/Bid:GateIo: 0.201%,GateIo/Ascendex: unavailable,HUOBI/Ascendex: unavailable
VGX,u,u,0.19045,0.19011,u,u,u,u,MEXC/GateIo: unavailable,MEXC/HUOBI: unavailable,MEXC/Ascendex: unavailable,GateIo/HUOBI: unavailable,GateIo/Ascendex: unavailable,HUOBI/Ascendex: unavailable
HUNT,u,u,u,u,0.3693,0.3627,u,u,MEXC/GateIo: unavailable,MEXC/HUOBI: unavailable,MEXC/Ascendex: unavailable,GateIo/HUOBI: unavailable,GateIo/Ascendex: unavailable,HUOBI/Ascendex: unavailable
COTI,0.0763,0.07629,0.07637,0.07607,0.0748,0.0746,u,u,Ask:MEXC/Bid:GateIo: 0.302%,Ask:MEXC/Bid:HUOBI: 2.278%,MEXC/Ascendex: unavailable,Ask:GateIo/Bid:HUOBI: 2.372%,GateIo/Ascendex: unavailable,HUOBI/Ascendex: unavailable
RAD,u,u,2.8434,2.8388,2.8508,2.8355,u,u,MEXC/GateIo: unavailable,MEXC/HUOBI: unavailable,MEXC/Ascendex: unavailable,Ask:HUOBI/Bid:GateIo: 0.422%,GateIo/Ascendex: unavailable,HUOBI/Ascendex: unavailable
AVINOC,u,u,u,u,u,u,u,u,MEXC/GateIo: unavailable,MEXC/HUOBI: unavailable,MEXC/Ascendex: unavailable,GateIo/HUOBI: unavailable,GateIo/Ascendex: unavailable,HUOBI/Ascendex: unavailable
UOS,u,u,0.2408,0.2401,0.2408,0.24,0.2402,0.24016,MEXC/GateIo: unavailable,MEXC/HUOBI: unavailable,MEXC/Ascendex: unavailable,Ask:GateIo/Bid:HUOBI: 0.333%,Ask:GateIo/Bid:Ascendex: 0.266%,Ask:HUOBI/Bid:Ascendex: 0.266%
BFC,u,u,0.05755,0.05716,u,u,u,u,MEXC/GateIo: unavailable,MEXC/HUOBI: unavailable,MEXC/Ascendex: unavailable,GateIo/HUOBI: unavailable,GateIo/Ascendex: unavailable,HUOBI/Ascendex: unavailable
MBX,u,u,1.1823,1.1791,1.1945,1.1824,u,u,MEXC/GateIo: unavailable,MEXC/HUOBI: unavailable,MEXC/Ascendex: unavailable,Ask:HUOBI/Bid:GateIo: 1.306%,GateIo/Ascendex: unavailable,HUOBI/Ascendex: unavailable
BOBA,u,u,0.18225,0.1815,0.1821,0.1796,u,u,MEXC/GateIo: unavailable,MEXC/HUOBI: unavailable,MEXC/Ascendex: unavailable,Ask:GateIo/Bid:HUOBI: 1.475%,GateIo/Ascendex: unavailable,HUOBI/Ascendex: unavailable
CWEB,u,u,0.026329,0.026189,u,u,u,u,MEXC/GateIo: unavailable,MEXC/HUOBI: unavailable,MEXC/Ascendex: unavailable,GateIo/HUOBI: unavailable,GateIo/Ascendex: unavailable,HUOBI/Ascendex: unavailable
CORE,u,u,1.1894,1.1879,1.189822,1.188654,u,u,MEXC/GateIo: unavailable,MEXC/HUOBI: unavailable,MEXC/Ascendex: unavailable,Ask:HUOBI/Bid:GateIo: 0.161%,GateIo/Ascendex: unavailable,HUOBI/Ascendex: unavailable
UNI,5.315,5.314,5.3206,5.3179,5.3189,5.3167,5.326,5.309,Ask:GateIo/Bid:MEXC: 0.124%,Ask:HUOBI/Bid:MEXC: 0.092%,Ask:Ascendex/Bid:MEXC: 0.225%,Ask:GateIo/Bid:HUOBI: 0.073%,Ask:GateIo/Bid:Ascendex: 0.218%,Ask:HUOBI/Bid:Ascendex: 0.186%
BCH,116.97,116.96,117.06,116.9,117.05,116.99,u,u,Ask:GateIo/Bid:MEXC: 0.085%,Ask:HUOBI/Bid:MEXC: 0.076%,MEXC/Ascendex: unavailable,Ask:HUOBI/Bid:GateIo: 0.128%,GateIo/Ascendex: unavailable,HUOBI/Ascendex: unavailable
CHZ,u,u,0.1258,0.12565,0.125691,0.125681,u,u,MEXC/GateIo: unavailable,MEXC/HUOBI: unavailable,MEXC/Ascendex: unavailable,Ask:GateIo/Bid:HUOBI: 0.094%,GateIo/Ascendex: unavailable,HUOBI/Ascendex: unavailable
HBAR,u,u,0.056795,0.056764,0.056807,0.056779,u,u,MEXC/GateIo: unavailable,MEXC/HUOBI: unavailable,MEXC/Ascendex: unavailable,Ask:HUOBI/Bid:GateIo: 0.075%,GateIo/Ascendex: unavailable,HUOBI/Ascendex: unavailable
XEC,u,u,0.00002744,0.0000274,2.743e-05,2.728e-05,u,u,MEXC/GateIo: unavailable,MEXC/HUOBI: unavailable,MEXC/Ascendex: unavailable,Ask:GateIo/Bid:HUOBI: 0.586%,GateIo/Ascendex: unavailable,HUOBI/Ascendex: unavailable
DFI,u,u,0.45491,0.45294,0.4562,0.4541,u,u,MEXC/GateIo: unavailable,MEXC/HUOBI: unavailable,MEXC/Ascendex: unavailable,Ask:HUOBI/Bid:GateIo: 0.719%,GateIo/Ascendex: unavailable,HUOBI/Ascendex: unavailable
ILV,u,u,49.14,48.96,u,u,u,u,MEXC/GateIo: unavailable,MEXC/HUOBI: unavailable,MEXC/Ascendex: unavailable,GateIo/HUOBI: unavailable,GateIo/Ascendex: unavailable,HUOBI/Ascendex: unavailable
BAND,u,u,1.658,1.6483,1.6532,1.651,u,u,MEXC/GateIo: unavailable,MEXC/HUOBI: unavailable,MEXC/Ascendex: unavailable,Ask:GateIo/Bid:HUOBI: 0.423%,GateIo/Ascendex: unavailable,HUOBI/Ascendex: unavailable
LSK,u,u,0.9406,0.9322,u,u,u,u,MEXC/GateIo: unavailable,MEXC/HUOBI: unavailable,MEXC/Ascendex: unavailable,GateIo/HUOBI: unavailable,GateIo/Ascendex: unavailable,HUOBI/Ascendex: unavailable
DENT,0.000907,0.000906,0.00090773,0.00090429,u,u,u,u,Ask:MEXC/Bid:GateIo: 0.299%,MEXC/HUOBI: unavailable,MEXC/Ascendex: unavailable,GateIo/HUOBI: unavailable,GateIo/Ascendex: unavailable,HUOBI/Ascendex: unavailable
TOMO,u,u,0.9716,0.9689,u,u,u,u,MEXC/GateIo: unavailable,MEXC/HUOBI: unavailable,MEXC/Ascendex: unavailable,GateIo/HUOBI: unavailable,GateIo/Ascendex: unavailable,HUOBI/Ascendex: unavailable
CEEK,u,u,0.07075,0.07069,0.071,0.0707,u,u,MEXC/GateIo: unavailable,MEXC/HUOBI: unavailable,MEXC/Ascendex: unavailable,Ask:HUOBI/Bid:GateIo: 0.438%,GateIo/Ascendex: unavailable,HUOBI/Ascendex: unavailable
